{
  "columns": [
    "time",
    "down",
    "up",
    "rnti_count",
    "mcs_down",
    "mcs_down_var",
    "mcs_up",
    "mcs_up_var",
    "rb_down",
    "rb_down_var",
    "rb_up",
    "rb_up_var",
    "min_of_day_sin",
    "min_of_day_cos",
    "day_of_week_sin",
    "day_of_week_cos",
    "day_of_year_sin",
    "day_of_year_cos"
  ],
  "describe": {
    "day_of_week_cos": {
      "25%": -0.900968867902419,
      "50%": -0.22252093395631434,
      "75%": 0.6234898018587336,
      "count": 19909.0,
      "max": 1.0,
      "mean": -0.012607363503942978,
      "min": -0.9009688679024191,
      "std": 0.7025397949869537
    },
    "day_of_week_sin": {
      "25%": -0.7818314824680299,
      "50%": 0.0,
      "75%": 0.7818314824680298,
      "count": 19909.0,
      "max": 0.9749279121818236,
      "mean": -2.2841295438568693e-17,
      "min": -0.9749279121818236,
      "std": 0.7115680669648201
    },
    "day_of_year_cos": {
      "25%": 0.5565755266413303,
      "50%": 0.6523456189565257,
      "75%": 0.7386679638813748,
      "count": 19909.0,
      "max": 0.8142923779467267,
      "mean": 0.6421227981844818,
      "min": 0.45274469960737107,
      "std": 0.10416178841833218
    },
    "day_of_year_sin": {
      "25%": 0.6740694616546161,
      "50%": 0.7579216274973472,
      "75%": 0.8307970168121247,
      "count": 19909.0,
      "max": 0.8916401947968874,
      "mean": 0.7542900942249675,
      "min": 0.580454927809098,
      "std": 0.08874698983179256
    },
    "down": {
      "25%": -0.5689035686632149,
      "50%": -0.21148814162517815,
      "75%": 0.21023381560949553,
      "count": 19909.0,
      "max": 16.60936688727217,
      "mean": 0.04040733179200234,
      "min": -0.9697976319547948,
      "std": 1.0164582383723981
    },
    "mcs_down": {
      "25%": -1.1063995912878126,
      "50%": 0.5575577814917837,
      "75%": 0.586616508261208,
      "count": 19909.0,
      "max": 0.7868429316081124,
      "mean": -0.02879172441573627,
      "min": -2.453288333708901,
      "std": 1.0117544217604157
    },
    "mcs_down_var": {
      "25%": -0.8017859572760594,
      "50%": 0.5195552624342725,
      "75%": 0.5842352396193314,
      "count": 19909.0,
      "max": 1.0911939248876625,
      "mean": -0.02198297552087719,
      "min": -3.4676994052897734,
      "std": 1.0032551429909793
    },
    "mcs_up": {
      "25%": -0.8155990430078625,
      "50%": 0.2841267390546663,
      "75%": 0.6296826990125697,
      "count": 19909.0,
      "max": 5.333697205698361,
      "mean": -0.029659161994615404,
      "min": -4.4891487164359845,
      "std": 1.0042921588225786
    },
    "mcs_up_var": {
      "25%": -0.6238949735329449,
      "50%": 0.0641802944301238,
      "75%": 0.8882676148056501,
      "count": 19909.0,
      "max": 5.443006299711496,
      "mean": 0.04881267614841388,
      "min": -1.8710015172335146,
      "std": 0.9950741190153524
    },
    "min_of_day_cos": {
      "25%": -0.7132504491541817,
      "50%": -0.008726535498373576,
      "75%": 0.7071067811865474,
      "count": 19909.0,
      "max": 1.0,
      "mean": -0.003833717498425632,
      "min": -1.0,
      "std": 0.7083049384874676
    },
    "min_of_day_sin": {
      "25%": -0.6946583704589976,
      "50%": 0.01745240643728351,
      "75%": 0.7132504491541816,
      "count": 19909.0,
      "max": 1.0,
      "mean": 0.009488783780065234,
      "min": -1.0,
      "std": 0.7058679802262962
    },
    "rb_down": {
      "25%": -0.47354960657370243,
      "50%": -0.3310387462778321,
      "75%": -0.06957848284987761,
      "count": 19909.0,
      "max": 12.731408329236046,
      "mean": 0.03954918590878917,
      "min": -0.6534436585544862,
      "std": 1.0329286978139964
    },
    "rb_down_var": {
      "25%": -0.4781176157663286,
      "50%": -0.441425767438289,
      "75%": -0.3310376164639428,
      "count": 19909.0,
      "max": 4.922472454037431,
      "mean": 0.041701297357473605,
      "min": -1.3128235729762847,
      "std": 1.0370848763432285
    },
    "rb_up": {
      "25%": -0.3683374180570964,
      "50%": -0.3604354272870917,
      "75%": -0.10312133231641159,
      "count": 19909.0,
      "max": 17.80069704988854,
      "mean": 0.010543040552661741,
      "min": -0.3736439140084047,
      "std": 0.963242074986397
    },
    "rb_up_var": {
      "25%": -0.690474657395823,
      "50%": -0.17666743184254172,
      "75%": 0.5570535880730172,
      "count": 19909.0,
      "max": 8.64938265119966,
      "mean": 0.04637258095961349,
      "min": -1.1933862976460987,
      "std": 1.0271947852759784
    },
    "rnti_count": {
      "25%": -0.7939449890157424,
      "50%": 0.07313712298463505,
      "75%": 0.699819692084434,
      "count": 19909.0,
      "max": 4.420875864673732,
      "mean": 0.040993175187855745,
      "min": -1.9992302186352244,
      "std": 1.0209410662454494
    },
    "time": {
      "25%": "2018-02-12T21:34:00",
      "50%": "2018-02-19T19:28:00",
      "75%": "2018-02-26T17:22:00",
      "count": 19909,
      "max": "2018-03-05T15:16:00",
      "mean": "2018-02-19T19:28:00.000000256",
      "min": "2018-02-05T23:40:00",
      "std": NaN
    },
    "up": {
      "25%": -0.36203387525339886,
      "50%": -0.3430486202824122,
      "75%": -0.10044733281903082,
      "count": 19909.0,
      "max": 18.901881101240882,
      "mean": 0.008794293083208646,
      "min": -0.37453289598242745,
      "std": 0.9608248691104876
    }
  },
  "null_counts": {
    "day_of_week_cos": 0,
    "day_of_week_sin": 0,
    "day_of_year_cos": 0,
    "day_of_year_sin": 0,
    "down": 0,
    "mcs_down": 0,
    "mcs_down_var": 0,
    "mcs_up": 0,
    "mcs_up_var": 0,
    "min_of_day_cos": 0,
    "min_of_day_sin": 0,
    "rb_down": 0,
    "rb_down_var": 0,
    "rb_up": 0,
    "rb_up_var": 0,
    "rnti_count": 0,
    "time": 0,
    "up": 0
  },
  "rows": 19909,
  "time_window": {
    "end": "2018-03-05 15:16:00",
    "start": "2018-02-05 23:40:00"
  }
}