{
  "columns": [
    "time",
    "down",
    "up",
    "rnti_count",
    "mcs_down",
    "mcs_down_var",
    "mcs_up",
    "mcs_up_var",
    "rb_down",
    "rb_down_var",
    "rb_up",
    "rb_up_var",
    "min_of_day_sin",
    "min_of_day_cos",
    "day_of_week_sin",
    "day_of_week_cos",
    "day_of_year_sin",
    "day_of_year_cos"
  ],
  "describe": {
    "day_of_week_cos": {
      "25%": -0.2225209339563146,
      "50%": 0.6234898018587334,
      "75%": 0.6234898018587336,
      "count": 8615.0,
      "max": 1.0,
      "mean": 0.11257576988518324,
      "min": -0.9009688679024191,
      "std": 0.6928373758368056
    },
    "day_of_week_sin": {
      "25%": -0.7818314824680299,
      "50%": 0.0,
      "75%": 0.7818314824680298,
      "count": 8615.0,
      "max": 0.9749279121818236,
      "mean": 0.08312242815931999,
      "min": -0.9749279121818236,
      "std": 0.7074655789157075
    },
    "day_of_year_cos": {
      "25%": 0.9354554315134165,
      "50%": 0.9524422234305676,
      "75%": 0.9668929289391521,
      "count": 8615.0,
      "max": 0.9787690698649216,
      "mean": 0.9496924008134634,
      "min": 0.9159777842484876,
      "std": 0.018441383801704164
    },
    "day_of_year_sin": {
      "25%": 0.2551824131233728,
      "50%": 0.3047192331091634,
      "75%": 0.35344467127408763,
      "count": 8615.0,
      "max": 0.40122898544750096,
      "mean": 0.3074432431782263,
      "min": 0.20496611396949535,
      "std": 0.056774334458548
    },
    "down": {
      "25%": -0.7622795214799386,
      "50%": 0.07662017460877131,
      "75%": 0.9450316878535545,
      "count": 8615.0,
      "max": 4.557212451613324,
      "mean": 0.13474524112321135,
      "min": -1.5698094554278679,
      "std": 1.0311727847252778
    },
    "mcs_down": {
      "25%": -0.9432280004731255,
      "50%": 0.6858718607190651,
      "75%": 0.7096858309180135,
      "count": 8615.0,
      "max": 0.8840841103016194,
      "mean": 0.13962995999650976,
      "min": -1.8593258039183882,
      "std": 0.937163632986128
    },
    "mcs_down_var": {
      "25%": -0.06496500597083346,
      "50%": 0.575578222594856,
      "75%": 0.6378537021068225,
      "count": 8615.0,
      "max": 1.216806776216529,
      "mean": 0.11964861689389733,
      "min": -3.2486611510991996,
      "std": 0.9269771662282125
    },
    "mcs_up": {
      "25%": -0.41687767411336235,
      "50%": 0.13754400495516167,
      "75%": 0.39934380988174184,
      "count": 8615.0,
      "max": 4.4061975619821006,
      "mean": 0.051759989604454146,
      "min": -3.838475669846184,
      "std": 0.9165927357682389
    },
    "mcs_up_var": {
      "25%": -0.6273912638551458,
      "50%": 0.01981543001183508,
      "75%": 0.6674704897661593,
      "count": 8615.0,
      "max": 3.77882546496667,
      "mean": -0.05050100554195915,
      "min": -1.9476259490028867,
      "std": 0.9544086357647397
    },
    "min_of_day_cos": {
      "25%": -0.7071067811865477,
      "50%": 0.008726535498373897,
      "75%": 0.7071067811865476,
      "count": 8615.0,
      "max": 1.0,
      "mean": 0.000918969127332988,
      "min": -1.0,
      "std": 0.7079597193882503
    },
    "min_of_day_sin": {
      "25%": -0.7009092642998509,
      "50%": 0.008726535498373935,
      "75%": 0.7071067811865476,
      "count": 8615.0,
      "max": 1.0,
      "mean": 0.002746509212085156,
      "min": -1.0,
      "std": 0.7063290571813997
    },
    "rb_down": {
      "25%": -0.7050277622278661,
      "50%": 0.07440930380862758,
      "75%": 0.7546894458269844,
      "count": 8615.0,
      "max": 12.86846369916579,
      "mean": 0.06871684420725334,
      "min": -1.7609514053991662,
      "std": 1.0025411092956327
    },
    "rb_down_var": {
      "25%": -0.5754091552854929,
      "50%": 0.6846719252565185,
      "75%": 0.7757750702769808,
      "count": 8615.0,
      "max": 1.334068378326803,
      "mean": 0.14511517038703023,
      "min": -2.302092300151024,
      "std": 0.9425128086666673
    },
    "rb_up": {
      "25%": -0.382436971108208,
      "50%": -0.36707092664413304,
      "75%": -0.30482705782015773,
      "count": 8615.0,
      "max": 15.82309812969109,
      "mean": -0.07414375985502794,
      "min": -0.3938607578705534,
      "std": 0.9067094516332775
    },
    "rb_up_var": {
      "25%": -0.7078457106624509,
      "50%": -0.17078488841645806,
      "75%": 0.7421371523105488,
      "count": 8615.0,
      "max": 7.037284853405549,
      "mean": 0.10135854648085926,
      "min": -1.1423371632454358,
      "std": 1.0376413335750567
    },
    "rnti_count": {
      "25%": -0.7683580893819407,
      "50%": 0.08434395441078245,
      "75%": 0.8054037504068203,
      "count": 8615.0,
      "max": 5.5256701039837095,
      "mean": 0.09097292890721262,
      "min": -1.7284122629907994,
      "std": 1.0013425704393604
    },
    "time": {
      "25%": "2019-01-15T16:59:00",
      "50%": "2019-01-18T16:46:00",
      "75%": "2019-01-21T16:33:00",
      "count": 8615,
      "max": "2019-01-24T16:20:00",
      "mean": "2019-01-18T16:46:00",
      "min": "2019-01-12T17:12:00",
      "std": NaN
    },
    "up": {
      "25%": -0.32805784059470444,
      "50%": -0.3041913091505904,
      "75%": -0.25693263359149765,
      "count": 8615.0,
      "max": 37.14998955947949,
      "mean": -0.06177363340997582,
      "min": -0.34603919031962754,
      "std": 0.9030272792427895
    }
  },
  "null_counts": {
    "day_of_week_cos": 0,
    "day_of_week_sin": 0,
    "day_of_year_cos": 0,
    "day_of_year_sin": 0,
    "down": 0,
    "mcs_down": 0,
    "mcs_down_var": 0,
    "mcs_up": 0,
    "mcs_up_var": 0,
    "min_of_day_cos": 0,
    "min_of_day_sin": 0,
    "rb_down": 0,
    "rb_down_var": 0,
    "rb_up": 0,
    "rb_up_var": 0,
    "rnti_count": 0,
    "time": 0,
    "up": 0
  },
  "rows": 8615,
  "time_window": {
    "end": "2019-01-24 16:20:00",
    "start": "2019-01-12 17:12:00"
  }
}