{
  "columns": [
    "time",
    "down",
    "up",
    "rnti_count",
    "mcs_down",
    "mcs_down_var",
    "mcs_up",
    "mcs_up_var",
    "rb_down",
    "rb_down_var",
    "rb_up",
    "rb_up_var",
    "min_of_day_sin",
    "min_of_day_cos",
    "day_of_week_sin",
    "day_of_week_cos",
    "day_of_year_sin",
    "day_of_year_cos"
  ],
  "describe": {
    "day_of_week_cos": {
      "25%": -0.900968867902419,
      "50%": -0.22252093395631434,
      "75%": 0.6234898018587336,
      "count": 5241.0,
      "max": 1.0,
      "mean": -0.008534002618816927,
      "min": -0.9009688679024191,
      "std": 0.6947967645805175
    },
    "day_of_week_sin": {
      "25%": -0.7818314824680299,
      "50%": 0.0,
      "75%": 0.7818314824680298,
      "count": 5241.0,
      "max": 0.9749279121818236,
      "mean": 0.03738990848092853,
      "min": -0.9749279121818236,
      "std": 0.7183155159625835
    },
    "day_of_year_cos": {
      "25%": -0.029025013321975237,
      "50%": 0.005375731557583884,
      "75%": 0.03977011384605594,
      "count": 5241.0,
      "max": 0.07411742515094415,
      "mean": 0.00895036983775824,
      "min": -0.046215046983708354,
      "std": 0.03636378262207313
    },
    "day_of_year_sin": {
      "25%": 0.9989315138848577,
      "50%": 0.9995786855478958,
      "75%": 0.9999300657962057,
      "count": 5241.0,
      "max": 0.9999855506507186,
      "mean": 0.9992984196811185,
      "min": 0.9972495210773451,
      "std": 0.0006978630338508973
    },
    "down": {
      "25%": -0.5818842067378287,
      "50%": -0.2226418170132727,
      "75%": -0.009452246356349529,
      "count": 5241.0,
      "max": 6.686792967169645,
      "mean": -0.03621106163380704,
      "min": -0.908967834724678,
      "std": 0.9363721291849111
    },
    "mcs_down": {
      "25%": 0.4020499459257364,
      "50%": 0.5365353906433057,
      "75%": 0.5623729985919126,
      "count": 5241.0,
      "max": 0.8793753617308186,
      "mean": 0.008259288190613308,
      "min": -2.7171207660708188,
      "std": 0.9990408556906396
    },
    "mcs_down_var": {
      "25%": -0.17080593905441188,
      "50%": 0.4983563819059838,
      "75%": 0.5779958067192619,
      "count": 5241.0,
      "max": 1.7467032054232805,
      "mean": 0.0063208183465510645,
      "min": -4.1895776226307895,
      "std": 1.0094187676432669
    },
    "mcs_up": {
      "25%": -0.5484770369333832,
      "50%": 0.3403740307217633,
      "75%": 0.55573989098856,
      "count": 5241.0,
      "max": 4.703203699096776,
      "mean": 0.010146125981451048,
      "min": -3.7599865786709796,
      "std": 0.9854634327826624
    },
    "mcs_up_var": {
      "25%": -0.5283401036430565,
      "50%": 0.248958120977789,
      "75%": 0.676807522490902,
      "count": 5241.0,
      "max": 7.742085946301006,
      "mean": -0.0195833118414094,
      "min": -2.209219053234121,
      "std": 0.9832689176622952
    },
    "min_of_day_cos": {
      "25%": -0.6819983600624986,
      "50%": 0.026176948307873114,
      "75%": 0.7071067811865474,
      "count": 5241.0,
      "max": 1.0,
      "mean": 0.0109458316597037,
      "min": -1.0,
      "std": 0.7010730395053673
    },
    "min_of_day_sin": {
      "25%": -0.7489557207890021,
      "50%": -0.06104853953485694,
      "75%": 0.6819983600624985,
      "count": 5241.0,
      "max": 1.0,
      "mean": -0.03178900337131999,
      "min": -1.0,
      "std": 0.7124302529309615
    },
    "rb_down": {
      "25%": -0.48324018664343826,
      "50%": -0.31719303784140207,
      "75%": -0.20841420976827194,
      "count": 5241.0,
      "max": 6.635357565301011,
      "mean": -0.029742796722471942,
      "min": -0.6449662577480335,
      "std": 0.9400070396853725
    },
    "rb_down_var": {
      "25%": -0.4261272723969782,
      "50%": -0.37094130110790496,
      "75%": -0.3221271687629031,
      "count": 5241.0,
      "max": 4.902735873116007,
      "mean": -0.00621221113543902,
      "min": -1.6658513922856129,
      "std": 0.9682744586778395
    },
    "rb_up": {
      "25%": -0.38054180026518686,
      "50%": -0.3588220824432099,
      "75%": -0.3389355590096738,
      "count": 5241.0,
      "max": 11.074785318066635,
      "mean": -0.030355270574699174,
      "min": -0.39097649452473276,
      "std": 0.9239299920404274
    },
    "rb_up_var": {
      "25%": -0.9034814046302996,
      "50%": -0.3406839050955204,
      "75%": 0.8435853458886687,
      "count": 5241.0,
      "max": 2.5531938739122833,
      "mean": -0.0340935584600004,
      "min": -1.1522547432751,
      "std": 0.9619258159086236
    },
    "rnti_count": {
      "25%": -0.7587067250464615,
      "50%": 0.006135834559066286,
      "75%": 0.4378790304979669,
      "count": 5241.0,
      "max": 5.357838181604102,
      "mean": -0.0416564028613813,
      "min": -1.4451360634498644,
      "std": 0.9380554376253989
    },
    "time": {
      "25%": "2018-03-30T11:36:00",
      "50%": "2018-04-01T07:16:00",
      "75%": "2018-04-03T02:56:00",
      "count": 5241,
      "max": "2018-04-04T22:36:00",
      "mean": "2018-04-01T07:16:00",
      "min": "2018-03-28T15:56:00",
      "std": NaN
    },
    "up": {
      "25%": -0.34077463984143835,
      "50%": -0.2971489087778856,
      "75%": -0.2589067187429332,
      "count": 5241.0,
      "max": 22.838869279264298,
      "mean": -0.028736711135718178,
      "min": -0.36316971842316115,
      "std": 0.9171687822456867
    }
  },
  "null_counts": {
    "day_of_week_cos": 0,
    "day_of_week_sin": 0,
    "day_of_year_cos": 0,
    "day_of_year_sin": 0,
    "down": 0,
    "mcs_down": 0,
    "mcs_down_var": 0,
    "mcs_up": 0,
    "mcs_up_var": 0,
    "min_of_day_cos": 0,
    "min_of_day_sin": 0,
    "rb_down": 0,
    "rb_down_var": 0,
    "rb_up": 0,
    "rb_up_var": 0,
    "rnti_count": 0,
    "time": 0,
    "up": 0
  },
  "rows": 5241,
  "time_window": {
    "end": "2018-04-04 22:36:00",
    "start": "2018-03-28 15:56:00"
  }
}