{
  "columns": [
    "time",
    "down",
    "up",
    "rnti_count",
    "mcs_down",
    "mcs_down_var",
    "mcs_up",
    "mcs_up_var",
    "rb_down",
    "rb_down_var",
    "rb_up",
    "rb_up_var",
    "min_of_day_sin",
    "min_of_day_cos",
    "day_of_week_sin",
    "day_of_week_cos",
    "day_of_year_sin",
    "day_of_year_cos"
  ],
  "describe": {
    "day_of_week_cos": {
      "25%": -0.900968867902419,
      "50%": -0.22252093395631434,
      "75%": 0.6234898018587336,
      "count": 27011.0,
      "max": 1.0,
      "mean": 0.05814877608251655,
      "min": -0.9009688679024191,
      "std": 0.7128617620749715
    },
    "day_of_week_sin": {
      "25%": -0.7818314824680299,
      "50%": 0.0,
      "75%": 0.7818314824680298,
      "count": 27011.0,
      "max": 0.9749279121818236,
      "mean": -0.026525789012988212,
      "min": -0.9749279121818236,
      "std": 0.6984125447161679
    },
    "day_of_year_cos": {
      "25%": 0.5848239578463323,
      "50%": 0.7029130847082615,
      "75%": 0.9292372181882051,
      "count": 27011.0,
      "max": 0.9787690698649216,
      "mean": 0.6480626466736517,
      "min": -0.029025013321975237,
      "std": 0.2996404745393318
    },
    "day_of_year_sin": {
      "25%": 0.3694836834473831,
      "50%": 0.7112757519738152,
      "75%": 0.8111602420785621,
      "count": 27011.0,
      "max": 0.9999855506507186,
      "mean": 0.6562817536632023,
      "min": 0.20496611396949535,
      "std": 0.24398807292767472
    },
    "down": {
      "25%": -0.561387280746636,
      "50%": -0.2340133254810478,
      "75%": 0.15134811859784192,
      "count": 27011.0,
      "max": 14.403560678571592,
      "mean": 7.365590537663472e-17,
      "min": -0.8991819645029341,
      "std": 1.0000185114910094
    },
    "mcs_down": {
      "25%": -1.0463914283412614,
      "50%": 0.5840987576075117,
      "75%": 0.6120351266767678,
      "count": 27011.0,
      "max": 0.8751365861099057,
      "mean": 1.6835635514659366e-17,
      "min": -2.3391551005025866,
      "std": 1.0000185114910094
    },
    "mcs_down_var": {
      "25%": -0.3513820504102877,
      "50%": 0.521531246897943,
      "75%": 0.5880886887028093,
      "count": 27011.0,
      "max": 1.3305444875423094,
      "mean": 0.0,
      "min": -3.6487074001050095,
      "std": 1.0000185114910096
    },
    "mcs_up": {
      "25%": -0.6322854157077786,
      "50%": 0.24532616907722593,
      "75%": 0.548238416912548,
      "count": 27011.0,
      "max": 5.014997924159299,
      "mean": -4.798156121677919e-16,
      "min": -4.150749904944335,
      "std": 1.0000185114910096
    },
    "mcs_up_var": {
      "25%": -0.6715843450723951,
      "50%": 0.07494555274730587,
      "75%": 0.8191119846593427,
      "count": 27011.0,
      "max": 7.642779030175944,
      "mean": -1.3468508411727492e-16,
      "min": -1.9309723680962327,
      "std": 1.0000185114910096
    },
    "min_of_day_cos": {
      "25%": -0.6883545756937539,
      "50%": 0.02617694830787314,
      "75%": 0.7193398003386512,
      "count": 27011.0,
      "max": 1.0,
      "mean": 0.015296382968909504,
      "min": -1.0,
      "std": 0.7063607144313392
    },
    "min_of_day_sin": {
      "25%": -0.7071067811865475,
      "50%": 0.008726535498373959,
      "75%": 0.7071067811865476,
      "count": 27011.0,
      "max": 1.0,
      "mean": 0.0030249615483519134,
      "min": -1.0,
      "std": 0.7077064544759863
    },
    "rb_down": {
      "25%": -0.4317238433536821,
      "50%": -0.29771203243263256,
      "75%": -0.09651832422744319,
      "count": 27011.0,
      "max": 12.21785941150541,
      "mean": -2.5253453271989048e-17,
      "min": -0.6016712332075929,
      "std": 1.0000185114910096
    },
    "rb_down_var": {
      "25%": -0.3083411303534266,
      "50%": -0.2554644625175537,
      "75%": -0.2056223594794102,
      "count": 27011.0,
      "max": 5.474229847462212,
      "mean": 6.734254205863746e-17,
      "min": -1.68898464823718,
      "std": 1.0000185114910096
    },
    "rb_up": {
      "25%": -0.3646183575162177,
      "50%": -0.3540370910116274,
      "75%": -0.21301773654020523,
      "count": 27011.0,
      "max": 20.236028985010098,
      "mean": 2.1044544393324207e-17,
      "min": -0.3707853060687616,
      "std": 1.0000185114910096
    },
    "rb_up_var": {
      "25%": -0.7325315694321126,
      "50%": -0.28416577043568825,
      "75%": 0.4671747807464276,
      "count": 27011.0,
      "max": 7.01278243948609,
      "mean": 7.576035981596714e-17,
      "min": -1.1052400084848315,
      "std": 1.0000185114910096
    },
    "rnti_count": {
      "25%": -0.7053438539642172,
      "50%": -0.09918610888972977,
      "75%": 0.43907880479864175,
      "count": 27011.0,
      "max": 9.951062228104316,
      "mean": -1.3468508411727492e-16,
      "min": -1.5775360334798345,
      "std": 1.0000185114910096
    },
    "time": {
      "25%": "2018-02-15T08:45:00",
      "50%": "2018-02-24T17:50:00",
      "75%": "2019-01-12T21:49:00",
      "count": 27011,
      "max": "2019-01-22T06:54:00",
      "mean": "2018-05-19T23:37:29.621265152",
      "min": "2018-02-05T23:40:00",
      "std": NaN
    },
    "up": {
      "25%": -0.3517560535191081,
      "50%": -0.32890368695433275,
      "75%": -0.20096327582301327,
      "count": 27011.0,
      "max": 33.85718234559333,
      "mean": -2.9462362150653887e-17,
      "min": -0.365278446447799,
      "std": 1.0000185114910096
    }
  },
  "null_counts": {
    "day_of_week_cos": 0,
    "day_of_week_sin": 0,
    "day_of_year_cos": 0,
    "day_of_year_sin": 0,
    "down": 0,
    "mcs_down": 0,
    "mcs_down_var": 0,
    "mcs_up": 0,
    "mcs_up_var": 0,
    "min_of_day_cos": 0,
    "min_of_day_sin": 0,
    "rb_down": 0,
    "rb_down_var": 0,
    "rb_up": 0,
    "rb_up_var": 0,
    "rnti_count": 0,
    "time": 0,
    "up": 0
  },
  "rows": 27011,
  "time_window": {
    "end": "2019-01-22 06:54:00",
    "start": "2018-02-05 23:40:00"
  }
}